,City,Country Code,Latitude,Longitude,Temperature,Humidity,Cloudiness,Wind Speed
0,new norfolk,au,-84.36359780765176,130.20914164602908,69.33,52,20,5.82
1,kropotkin,ru,57.762121273372,115.31305123761456,36.68,93,68,5.14
2,iracoubo,gf,12.936719842186974,-50.28180362737169,77.22,77,36,6.26
3,mar del plata,ar,-62.70743205197007,-30.918227324520245,73.02,38,0,15.01
4,atuona,pf,-0.19531805510069944,-150.74221499554068,82.51,100,0,11.99
6,bluff,nz,-89.29346046457503,172.80354996680273,64,73,0,6.06
7,salinas,ec,-1.4263697871528649,-84.357989957208,48.38,100,12,2.01
8,avarua,ck,-53.557908734023876,-161.42492096339143,82.4,78,100,24.16
10,busselton,au,-46.15941598632477,93.85566556061417,69.53,42,68,20.71
11,cidreira,br,-53.44385967338346,-22.475666776808794,73.87,81,80,14.34
12,hobart,au,-75.90946585359937,149.80901489862748,69.31,52,20,5.82
13,yulara,au,-26.253272619845625,128.46430915227944,91.4,20,0,6.93
14,ponta do sol,cv,24.47111433310171,-31.49546542128951,69.8,77,75,19.46
15,ushuaia,ar,-74.69089818448397,-40.067383804468534,46.4,93,20,0.58
16,lavrentiya,ru,66.50220162755414,-172.78478335415883,14.52,100,0,13.78
18,puerto ayora,ec,-27.10857993798774,-101.58682184678212,78.12,78,0,6.93
19,nuuk,gl,64.22910013127654,-52.93471715643314,21.2,73,56,12.75
20,senneterre,ca,47.65365870552171,-76.945435498538,14,78,90,4.7
22,kavieng,pg,8.44846578198667,156.75449844091474,84.67,98,32,6.29
23,hithadhoo,mv,-4.853945126276017,78.691161001142,79.59,100,68,0.58
24,amapa,br,4.053966531234465,-48.513179747476016,80.26,85,0,2.48
25,yumen,cn,40.82435992170673,95.64184582563917,33.6,50,56,8.3
26,abalak,ne,16.833268064145926,5.422424466372405,71.64,23,12,12.53
27,novosergiyevka,ru,52.38622202699406,53.75710248755681,25.88,91,92,10.74
28,chapada dos guimaraes,br,-15.397825606245561,-55.34837876120656,82.4,88,0,5.82
30,pacific grove,us,30.506062811362995,-132.95706220045963,65.16,55,1,5.82
33,cabo san lucas,mx,21.239178836378798,-113.11019246999658,68.36,72,90,8.05
34,fairbanks,us,66.81951397925295,-146.89725779621295,44.08,39,1,8.05
35,moranbah,au,-21.90663193647518,147.30857423316218,81.86,90,44,4.47
37,vao,nc,-27.257908629585202,167.7970384235416,80.06,98,12,18.34
38,iacu,br,-12.684393428250246,-40.27112106242859,74.88,67,0,9.62
39,victoria,sc,3.038836337025529,56.76171511036807,80.6,88,40,4.7
41,stutterheim,za,-32.56535285329999,27.156386925860147,56.52,93,12,2.13
42,tuktoyaktuk,ca,70.39788067671475,-132.83448279723203,5,84,40,16.11
43,middletown,us,41.66757049581258,-74.43116311392053,35.11,40,20,5.82
47,yellowknife,ca,86.91507670284724,-98.85946754163325,21.94,67,20,11.41
48,te anau,nz,-45.52001814156408,165.8627436181057,70.83,62,12,3.13
49,mantua,cu,21.645044014332896,-85.23633995492709,72.54,89,8,5.37
50,songkhla,th,7.658469860072941,100.97440874566013,79.63,83,20,6.93
51,garowe,so,7.970785709636331,48.46095121616591,68.54,92,92,6.6
52,vichuga,ru,57.16022361533115,41.961391480288114,27.14,92,80,7.61
53,norman wells,ca,65.93424733602848,-126.56239099677815,42.8,35,40,14.99
54,puerto madryn,ar,-41.16333962100536,-64.97975173919056,63.93,95,64,17.25
55,baruun-urt,mn,47.481297391395685,114.28535585381155,27.66,64,0,15.9
58,rio gallegos,ar,-49.60811858205529,-68.65589471128563,59,93,92,4.7
59,barrow,us,69.18278213218767,-161.0913620638594,42.04,52,75,4.7
60,ostuni,it,40.7500976718776,17.53279126322721,51.67,93,0,5.82
61,thompson,ca,63.4762538546436,-98.52026436917573,23,49,75,3.36
62,bethel,us,57.727394506967585,-161.40546036086874,25.7,79,90,12.75
63,kruisfontein,za,-82.29642924702054,29.104794779466346,64.92,80,0,10.65
64,dingle,ie,51.01500031035579,-20.58438280170236,44.85,100,12,24.52
66,rikitea,pf,-33.74716332860684,-118.97363757219716,77.52,100,64,23.4
68,phangnga,th,9.125303398387743,97.34018680342115,80.51,69,0,4.7
69,georgetown,sh,-4.577174678326557,-14.390494220725373,82.02,99,12,13.11
70,pochutla,mx,15.143516579422027,-96.20201416609272,82.27,65,20,9.73
71,ambon,id,-2.468614695825977,127.94815876388418,87.8,58,20,11.41
72,albany,au,-56.13604933337032,117.61103633175247,66.2,100,90,12.75
73,muslyumovo,ru,54.829455528859256,53.307051813026504,22.17,87,76,8.41
74,kapaa,us,32.68843392632154,-166.00987550103355,76.84,65,75,16.11
75,hilo,us,13.689390931846205,-149.96316147668765,72.64,65,90,9.17
76,turochak,ru,52.26805237586433,87.50067795372155,20.88,68,76,4.47
78,vestmannaeyjar,is,59.98528976105601,-18.105250334190373,37.8,100,92,13.76
80,peniche,pt,40.050398667045044,-13.886110429060096,51.94,76,90,6.93
81,pekan,my,3.1938239138953435,103.28430919264025,73.56,78,75,6.93
86,alice springs,au,-21.13471860902642,135.53342855597344,87.8,10,36,9.17
87,antofagasta,cl,-22.26627121628995,-75.13473056575438,64.4,77,0,6.93
88,severo-kurilsk,ru,47.596679628666124,153.1284611111227,27.75,100,0,1.36
90,hasaki,jp,33.02580348923563,143.6130361713963,52.81,34,20,4.7
92,hojai,in,25.970579478909386,92.89388627433743,68.04,85,0,3.02
93,taiyuan,cn,38.476517725038946,111.4896738712103,48.2,18,0,2.24
94,saint-philippe,re,-46.59171308754089,62.14957960171694,70.5,57,0,6.93
96,hermanus,za,-61.898726049515204,11.230692529881793,63.34,98,12,2.93
97,arraial do cabo,br,-47.04571441067743,-27.396434390959115,77,94,75,2.24
99,nova olimpia,br,-13.59054818893587,-58.58935504429866,79.61,86,8,2.68
102,nokaneng,bw,-19.88880948482992,21.635438652021605,68.13,61,0,8.28
104,provideniya,ru,51.79633553611109,-173.6244805200557,19.24,100,0,13.78
106,palpa,pe,-14.055913584882717,-74.62794269813652,55.8,90,12,1.68
107,palu,id,-0.03653630954683251,120.06449050003931,77.09,69,8,2.01
109,nikolskoye,ru,47.72715685035263,175.2844749547843,33.71,80,75,6.71
110,tasiilaq,gl,71.73778659088165,-36.9497775249512,15.8,78,76,2.24
111,bredasdorp,za,-64.438266449162,21.566003028598118,66.79,88,12,4.7
113,guangyuan,cn,33.29250760023203,105.06323507356234,54.25,79,88,0.89
114,nanortalik,gl,53.93424115637691,-38.01005172935987,24.46,100,92,20.6
115,maiduguri,ng,11.626095482625587,12.74250409349088,76.01,20,20,10.96
118,turayf,sa,30.772512166362915,38.94659736886851,42.8,100,40,14.99
119,mindelo,cv,15.409991730140476,-28.2666880042367,69.8,77,75,19.46
120,butaritari,ki,18.54185813779013,174.4096637931404,75.9,100,92,11.65
122,shenjiamen,cn,30.368641735279596,125.57936931808678,56.16,89,0,2.68
123,svetlogorsk,ru,66.99562246270747,93.9138483545583,14,85,40,2.24
125,haines junction,ca,57.3989886600792,-141.06945822106556,31.68,82,68,4.36
126,atagay,ru,55.203824752849044,99.49285987464174,33.89,81,64,7.38
127,bilibino,ru,70.5928789600847,165.37479141088716,-14.33,61,0,3.15
128,mahebourg,mu,-28.217349792363535,65.89455446173207,75.79,83,75,6.93
130,aksu,kz,52.21189029436272,76.4928886801294,15.8,92,0,8.95
131,trinidad,bo,-14.254669532388405,-65.67773730065159,79.11,86,8,5.93
134,ouegoa,nc,-19.23836310560266,164.526603950234,84.83,72,80,5.7
135,jinka,et,4.905464171878592,36.88797917787406,63.63,70,32,1.79
136,launceston,au,-40.58349911767421,148.93926656746692,69.67,45,12,4.7
137,ribeira grande,pt,36.42838414362157,-40.5901505998759,62.4,94,68,6.85
145,burgas,bg,42.29950531422773,27.5252943293805,48.09,76,0,8.05
146,zabid,ye,14.422802947233137,43.80956243358739,42.66,79,0,1.34
147,luderitz,na,-36.35533742031291,-0.5939714083868068,60.82,92,0,9.42
150,porto walter,br,-9.017081613318098,-72.20741735318938,77.54,85,8,2.13
152,punta arenas,cl,-54.13695830824198,-77.05293462114163,50,100,90,4.7
153,ilulissat,gl,81.02822351601685,-43.8394837892271,-0.41,59,0,8.05
155,beloha,mg,-33.89370399493382,41.59452281043616,72.75,91,36,11.21
157,san jeronimo,mx,10.472381789704073,-103.7936838525762,74.16,23,0,6.51
158,baykit,ru,66.66632359550059,94.6628497559986,10.53,75,0,4.7
160,pisco,pe,-26.996941346870948,-94.10661306717378,71.6,78,0,18.34
164,ankpa,ng,7.258413723027189,7.7735822543639586,75.74,90,12,8.72
165,east london,za,-41.425499395896374,32.71911524514036,76.89,96,0,20.04
167,vaini,to,-80.87766990282837,-178.90833179666947,84.2,83,40,12.75
168,bodden town,ky,18.533479223342553,-80.78614084151508,77.88,78,20,9.17
171,jamestown,sh,-20.18505623320442,2.5224348311242863,76.44,100,92,13
177,namatanai,pg,-2.270950881215711,154.01717502535195,82.62,100,56,9.62
178,karratha,au,-18.194022228482396,112.40546489999406,82.56,68,0,4.5
182,hit,iq,31.4643136409001,42.962400559392165,48.87,94,92,14.09
184,jasper,ca,52.57614425191696,-117.74748914938708,23.49,85,48,1.68
186,sao filipe,cv,13.334128158359363,-33.92075265599965,72.39,90,0,11.99
191,rundu,na,-17.292848638224186,19.75180550542629,66.6,57,0,7.16
192,los llanos de aridane,es,28.14608818847951,-23.42521269580496,61.54,68,36,11.41
194,tuatapere,nz,-46.65535084572586,164.43454789105112,64,73,8,4.61
197,baijiantan,cn,45.417126824922946,85.55026732894271,25.65,93,36,4.47
200,nantucket,us,40.76324828657553,-68.20524564703781,38.79,44,1,16.11
201,port alfred,za,-87.4510726014295,53.127963748065326,66.56,98,8,1.01
203,laguna de perlas,ni,12.266359744786143,-83.60924596880099,80.37,93,88,17
204,chuy,uy,-62.56747220645185,-21.142424509990178,71.73,95,92,16.44
205,grindavik,is,53.21961413545495,-25.010988130449363,34.34,100,75,11.41
206,hamilton,bm,29.8128567972839,-65.48366322809146,64.35,72,75,9.17
207,cervo,es,45.49986579178392,-7.20666637035265,50.47,74,100,14
208,laibin,cn,23.604328345231124,109.59251053328313,57.78,100,100,4.59
209,warwick,au,-28.41364883396782,151.2728554746791,70,80,88,7
210,qaqortoq,gl,66.94456081207645,-44.44038019560381,35.6,47,92,18.34
212,bubaque,gw,5.860324340038687,-20.33778465752394,80.76,86,0,14.79
214,vanavara,ru,60.5570125954894,100.18247474152929,18.18,68,0,3.69
218,mount gambier,au,-56.85343595889434,128.3984478558309,69.8,73,0,6.93
219,umm kaddadah,sd,14.617830704182794,27.69036059174107,65.41,14,48,12.77
222,idlib,sy,35.9355263890879,36.54166951792132,48.07,93,40,4.7
232,sobolevo,ru,55.26743984182062,151.99736711108528,33.37,94,92,2.82
234,qaanaaq,gl,81.32850196379258,-80.54485485265319,-23.65,100,8,5.39
235,opuwo,na,-18.70060762525904,11.433126283090076,60.71,65,8,2.91
238,chokurdakh,ru,73.93096239765708,145.4652682835873,-9.74,86,68,5.39
241,aranos,na,-23.942684599349022,20.364465030789404,74.48,33,56,9.73
242,aksarka,ru,66.43488855343327,67.64196068237985,1.53,70,56,10.51
244,kochubey,ru,44.54558618938526,46.18943927818961,43.2,97,92,2.57
247,beringovskiy,ru,56.24803542921072,177.414989333672,3.49,98,48,16.46
249,cape town,za,-69.69005707449455,-16.605157787423167,60.85,100,75,5.82
252,mizdah,ly,29.415132609211753,13.45206387263346,42.87,86,0,1.03
253,stralsund,de,54.298503255904166,13.063310099486301,46.24,87,75,9.17
254,pitimbu,br,-7.750556158378501,-29.75987699731985,80.6,83,0,5.82
256,sri aman,my,0.26242107326304165,112.62937905576672,75.74,88,40,3.36
260,fortuna,us,36.77009386814471,-132.89113528313771,52.59,100,1,12.75
262,klaksvik,fo,69.65818577627556,-4.287346147291942,35.6,99,80,8.05
264,vardo,no,84.77759377188275,36.15923934991076,31.5,100,44,11.18
266,san luis,ar,-32.930797899624,-65.68920058950773,61.59,92,56,4.72
268,porosozero,ru,62.93654337143394,32.495485322494005,26.91,85,92,6.93
270,port hardy,ca,51.616789716483936,-127.27199965886325,51.8,66,75,18.34
272,bambous virieux,mu,-36.31788367819499,77.65885023508065,75.83,83,75,6.93
277,maniitsoq,gl,64.8293289444845,-52.405331471825775,7.11,82,36,7.94
280,esmeraldas,ec,2.326562185976755,-81.4620969705285,78.22,94,90,5.82
282,afrikanda,ru,67.24695213609317,33.13349061634571,31.01,91,92,3.58
283,kahului,us,22.432379086241298,-156.1038253051405,77.13,57,40,10.29
284,scottsbluff,us,41.296713595896335,-103.76286421211542,35.46,55,1,3.36
286,shelbyville,us,38.41455648297804,-85.26848022037687,40.3,64,1,3.36
287,guerrero negro,mx,12.703093920339427,-129.96537214208655,70.27,38,0,8.63
289,saldanha,za,-33.26423090446698,14.429450745132897,62.6,82,48,5.82
290,saint george,bm,28.819322667848027,-52.510118089128795,64.35,72,75,9.17
291,kresttsy,ru,58.51491350041468,32.83983233811847,33.89,91,92,10.85
292,annau,tm,38.47573882004775,59.28496189828422,46.4,87,0,6.93
295,peraiyur,in,9.775355727171927,77.76114160945014,77,83,20,6.04
299,port-gentil,ga,-2.5154475471341584,5.449950973841965,80.17,100,80,5.84
303,talavera de la reina,es,39.633148601801764,-4.633262991941933,38.64,80,0,2.93
304,elizabethton,us,36.09707741886464,-82.13389142915236,37.04,64,1,4.14
305,kodiak,us,45.17456470425492,-159.19356729787242,46.06,28,1,9.17
308,ancud,cl,-41.63741962551556,-73.74891853867605,53.6,87,32,2.24
311,san patricio,mx,6.8276526832205064,-112.24891969693867,82.4,65,75,3.24
312,miandrivazo,mg,-17.58661128349162,43.548735109527,71.64,98,56,3.36
315,tura,ru,64.19427109612118,99.10206560655911,14.76,63,56,4.14
316,richards bay,za,-33.850050279648784,37.16112278621341,71.96,87,56,8.16
317,comodoro rivadavia,ar,-49.89930613841448,-64.3187901926301,71.6,53,0,8.05
318,buraydah,sa,23.14346002581506,43.07196113691168,57.2,50,40,20.8
323,aklavik,ca,77.63071000730156,-142.3309843597486,24.8,53,75,8.05
324,sinjar,iq,36.36674908263802,42.1001807600141,44.01,99,88,4.81
326,greytown,za,-28.919934964958138,30.78912984097971,59.54,95,32,2.13
329,saskylakh,ru,78.82867586804653,114.68813878463817,-6.28,86,68,6.62
330,mongoumba,cf,3.042442790535759,18.197014516941067,75.42,86,12,3.8
338,dikson,ru,76.03464269941261,81.4544561391478,8.58,94,68,24.18
340,khash,ir,27.7318863799984,62.33516906324451,39.83,80,0,2.57
341,semey,kz,50.027101183735255,79.80762027489999,14,92,0,6.71
346,kaitangata,nz,-69.54716755014746,174.9169595637424,61,77,0,8.01
347,labuhan,id,-19.86344769785231,94.94018719499599,79.2,83,32,3.13
348,nizhniy odes,ru,64.5018149066153,54.94319476062785,17.01,84,68,4.92
349,dunedin,nz,-53.283772735215564,179.02731434551993,62.01,77,12,8.01
351,neiafu,to,-19.210412882903412,-172.33021421387622,86,74,75,4.7
353,nynashamn,se,58.85770855055688,17.89137910820864,34.3,92,92,8.05
355,faanui,pf,-9.94362602647277,-155.24055231157882,84,100,68,10.76
356,torrington,us,43.25090685884004,-104.09829506627617,35.01,55,1,3.36
360,henties bay,na,-24.207975615319384,4.839841806620171,62.01,93,88,3
361,port hedland,au,-26.020571362133822,120.41509076320449,89.6,70,40,12.75
367,kalmunai,lk,7.419073474347272,87.36929679921917,81.14,85,44,4.59
369,clyde river,ca,68.4703906460528,-78.89331215333944,-25.61,74,40,12.75
371,salalah,om,18.4813679478998,54.38465933588273,77,73,40,2.24
372,pevek,ru,72.39859428755429,171.75883118555572,-15.23,90,0,13.78
373,moose factory,ca,50.847688768107304,-80.632169729044,12.2,72,90,11.41
374,ostrovnoy,ru,67.33531776910132,38.333197145195925,25.86,86,8,13
375,fare,pf,-8.568021616749363,-148.5738978765919,84.36,98,20,11.65
376,honiara,sb,-14.953149525240605,156.12593747196092,84.42,83,48,2.68
380,ambalavao,mg,-21.939310767984168,46.88357456920713,59.76,93,68,2.35
381,dubti,et,12.472548444288634,41.48500148244912,69.08,92,0,4.36
382,alibag,in,18.10778790662026,70.99266159746296,72.48,64,0,6.93
385,palmer,us,60.85157973293602,-147.67615036520743,39.25,75,90,19.46
387,loreto,mx,25.494880679733967,-110.47158464547066,63.14,34,92,5.59
390,casablanca,ma,33.91072174615171,-7.31434551517907,57.56,82,0,3.36
395,hambantota,lk,2.06255810384134,85.2848146456837,77,100,40,3.36
405,howard springs,au,-13.473092858684723,131.20819797044908,90.32,66,40,12.75
407,coquimbo,cl,-27.99050998615764,-79.56735795225127,59,82,90,4.7
409,batemans bay,au,-39.8139336217013,154.8219731247018,66.43,74,92,5.99
411,kefar tavor,il,32.59761739526502,35.46596413031466,56.08,83,92,3.69
413,hailar,cn,47.97695831303952,120.11380860710244,44.64,31,0,13.53
415,carnarvon,au,-28.19763304062281,103.48045229899645,78.8,69,0,16.11
420,espinosa,br,-14.688726065081724,-43.160436030611635,67.41,81,0,5.82
425,birao,cf,11.720788631038658,23.128871713457016,71.55,16,12,12.75
426,beyla,gn,9.071945042616292,-8.259053707040692,77,73,12,6.49
427,ponta delgada,pt,30.754155373741355,-26.999224624898176,57.69,87,40,10.29
428,canto do buriti,br,-8.69323927385173,-43.371670744644035,74.91,90,12,3.15
429,pinheiro machado,br,-31.252827898035306,-53.64293141274044,71.19,75,80,13.42
431,panaba,mx,23.77520358686749,-88.01995961037201,83.25,48,76,8.05
433,iqaluit,ca,62.3963732065078,-74.81612775779443,3.09,54,75,21.92
435,bayangol,ru,51.07459460281967,103.66808593882814,35.78,50,8,3.58
436,khatanga,ru,73.78745080905486,98.68427163337549,-10.87,73,64,1.14
437,mnogovershinnyy,ru,56.11056164760845,141.02985136343761,29.97,64,24,1.9
438,balurghat,in,25.162313650994946,88.80712301061442,77.54,52,20,5.59
439,namie,jp,36.722552812288214,143.49904190518419,45.27,33,75,2.24
441,mandera,ke,3.880681648064396,42.42274335585125,70,14,0,3
442,cochrane,ca,49.512798837826864,-81.03503663083747,34.36,59,20,5.82
443,nome,us,61.225173778992854,-168.65483682581274,55.44,50,90,2.93
445,canandaigua,us,42.50158987717697,-77.29720873168601,29.37,56,90,5.82
447,muyezerskiy,ru,64.44779441077242,31.839121347913988,30.29,85,92,6.82
454,lebu,cl,-35.71297620718743,-81.51199889540901,57.18,90,0,13.67
455,sinnamary,gf,10.427895632387717,-50.03443950170137,78.42,100,68,10.76
456,auki,sb,-6.730102633991493,162.20326187889412,85.46,93,20,7.61
461,miraflores,co,1.0116065515031352,-71.79427611193955,51.66,98,68,1.12
464,buchanan,lr,2.210333227781561,-12.567399019477165,78.8,94,40,2.13
465,murgab,tm,37.01597232541701,62.20428871574828,50,87,0,6.93
469,betare oya,cm,5.553594351502426,13.825905919921922,68.36,90,0,3.13
470,roma,au,-27.865888402401296,149.56638892323582,76.32,65,44,5.37
475,vallenar,cl,-27.412645841210036,-73.19942724658488,60.46,85,0,1.7
479,ahipara,nz,-32.56062448831938,170.69376856919195,77.18,64,68,5.93
481,alofi,nu,-27.938065477296377,-166.86101465832655,84.2,74,100,10.29
482,pathein,mm,17.290596562858212,94.62059014384715,86.13,66,0,8.39
484,port elizabeth,za,-53.51749556863497,29.188453368821683,66.2,100,90,8.05
487,sitka,us,53.22055606455794,-139.81149467781668,55,27,0,6.15
496,can tho,vn,9.972654717269862,105.96501702614347,82.4,83,40,4.7
498,castro,cl,-53.98805309608414,-100.81669928478715,53.6,87,32,2.24
502,biak,id,2.149021304166425,137.44301079027707,87.53,73,24,2.68
505,cercal,pt,37.750362372831944,-8.642205441669574,48.99,92,0,7
506,homer,us,60.365795712121866,-153.1020853255422,41.11,81,90,11.41
509,diamantino,br,-13.667913484559222,-56.35366617544429,77.67,85,44,2.91
513,uige,ao,-8.013456210285085,14.35690691729539,69.03,97,92,2.57
518,upernavik,gl,79.0931188852422,-53.46668240957672,-11.99,100,20,13.22
519,madimba,tz,-8.632019541967637,42.53052363188857,77.54,100,0,4.59
524,afyonkarahisar,tr,38.912876004060536,30.51374016447545,32,93,36,5.99
525,waingapu,id,-11.293794186587476,118.14304507556477,81.14,88,76,6.15
529,soimi,ro,46.695246951422035,22.16956181835556,44.85,81,88,5.82
530,jumla,np,33.86329207623602,83.10679053935183,30.74,74,80,2.13
535,raudeberg,no,64.8465404375055,1.8575398786100834,37.67,69,44,8.05
540,alta floresta,br,-10.822265622607858,-58.14401084569863,75.74,94,0,2.01
541,cam ranh,vn,11.000689535576058,113.40228992213588,84.2,70,40,10.29
545,uk,ru,53.89433325065437,97.42889194193913,33.71,77,0,6.71
551,juneau,us,59.8716607507115,-132.5452061175775,45.61,93,90,18.34
552,corinto,ni,11.84393608294127,-88.13601991027309,85.05,48,0,13.76
553,longyearbyen,sj,79.65054672323728,21.022700999080257,-2.21,53,20,10.29
556,mitu,co,0.36969738759533755,-70.60065295716699,73.31,94,56,2.01
558,cockburn town,tc,22.663521476813955,-67.96398909500617,77.25,100,32,16.91
559,sur,om,14.208776205009542,63.69008712499735,69.01,100,12,8.75
566,portland,au,-44.863326695572255,137.48704923628713,60.19,99,76,1.99
569,shizunai,jp,41.5401539054711,143.53746234747769,35.06,85,56,8.72
571,montes altos,br,-5.825887799983917,-47.110340347550135,72.63,95,76,7.49
575,leningradskiy,ru,78.82166225137186,176.61104838168865,-5.96,85,56,20.71
580,hami,cn,36.996798288570744,90.68096100868087,51.08,43,0,7.94
581,tiarei,pf,-11.69221742366102,-146.1712513811912,84.09,74,40,5.82
582,camrose,ca,53.05665154215873,-112.96452816714643,36.41,50,75,3.36
586,chimoio,mz,-19.013640174274755,34.14823113161597,68.13,98,92,3.69
587,muros,es,41.658693288174106,-15.024041176280974,50.54,87,90,10.29
588,hengshan,cn,45.099690630298255,130.79109308451217,73.98,79,80,12.08
589,shache,cn,37.2037627300776,80.44919314678401,42.01,47,20,5.5
593,bontang,id,1.1345017961045443,118.5948009005711,84.6,85,0,8.16
597,dobrun,ru,53.14002324085175,34.2502412667325,33.93,95,88,4.47
598,basay,ph,9.123353555321131,122.4705063757113,79.88,91,0,6.93
600,geraldton,au,-29.162705204056806,108.64074955912395,73.4,73,90,6.93
605,kamaishi,jp,38.48647286351999,143.36449487639152,41,44,75,10.29
607,kutum,sd,15.420896771700797,23.3785577000381,56.03,19,0,11.41
608,zhob,pk,31.681299892901208,69.15299459766817,37.08,78,0,2.35
610,guaraniacu,br,-24.517042163957953,-52.564836755240336,68.81,88,24,4.59
611,kyzyl-suu,kg,40.779820373926924,77.45310631130332,27,69,0,4
612,torbay,ca,39.62605851626179,-43.54256589036632,44.17,93,90,27.51
615,tual,id,-7.509773466391394,133.3162917471932,83.82,98,48,10.65
618,black river,jm,17.876277587674565,-77.83253408198973,77.79,74,40,5.82
619,dumas,us,35.731604556448616,-101.71718281544412,48.92,42,1,8.05
620,riyadh,sa,21.928979748938943,45.794383613985815,71.6,24,75,9.17
621,newala,tz,-12.043669834537155,39.67699691199812,61.74,94,12,2.68
623,tautira,pf,-18.1801008546646,-143.37566973808825,84.09,74,40,5.82
629,stornoway,gb,58.71690296356138,-6.481288407336109,39.2,91,44,14.99
631,cockburn town,bs,27.61881361265077,-71.10338270797034,75.69,100,92,12.75
634,salinopolis,br,2.2754095824105036,-47.2059236439388,81.12,94,92,10.98
635,reitz,za,-27.98636033822209,28.584625018815586,53.73,88,56,5.93
640,camaqua,br,-31.085698958938792,-51.831539661456475,72.63,83,92,15.43
641,kununurra,au,-15.69570733139787,125.56326636666392,89.6,59,0,9.17
642,malangwa,np,26.895169097650538,85.5611961129024,75.38,20,56,3.91
646,singapore,sg,0.6171772477155741,103.94581537916673,81.77,70,75,10.29
647,kalemie,cd,-5.68006527613872,28.34647425497559,72.59,100,56,6.6
648,miles city,us,46.09713486272514,-105.97770937905173,33.4,55,1,5.82
655,rehli,in,23.572285842358497,78.94265429658134,66.06,78,32,4.59
656,sorsk,ru,53.953756764012354,90.47387179708585,18.81,74,8,9.4
658,santa marinella,it,41.36980316074755,11.011007921094574,48.54,100,40,4.7
660,bulolo,pg,-7.26940767922342,145.9652611901446,71.64,81,68,2.13
662,carnarvon,za,-31.935114184612743,23.027281064173025,55.94,89,0,3.02
664,aquiraz,br,-3.1520573108582113,-37.59410076803576,75.09,69,20,4.7
674,namibe,ao,-15.116898734876614,11.052962324096427,78.46,100,12,3.15
677,kakonko,tz,-3.057840121388921,31.060469513552476,59.76,96,32,6.71
685,gizo,sb,-10.21624325154275,155.69866652884508,83.86,100,8,7.4
689,caranavi,bo,-15.723266912742332,-67.38946598418435,68.18,88,80,1.9
693,kushiro,jp,39.77182548319425,145.69969389212724,33.8,64,75,12.75
701,saint andrews,ca,44.322705542451786,-67.3565658690667,28.99,54,12,1.01
705,batagay-alyta,ru,68.02347074571705,127.30118278029448,-8.1,72,0,4.03
717,broome,au,-23.54410265726294,124.9136491579763,77,88,75,5.82
718,yugorsk,ru,61.438760384401434,63.38432484276393,4.23,53,0,2.68
719,taltal,cl,-25.93784134935194,-76.50065036387669,57.06,94,0,2.01
726,kavaratti,in,10.661254177251678,68.94092760466816,82.58,100,0,5.14
727,bom jardim,br,-6.909302464712795,-46.45278034191443,73.4,83,0,9.17
728,barsukovskaya,ru,44.7901666378564,41.9203726434169,37.13,86,90,4.47
729,sechura,pe,-11.757112758986338,-88.8201779294659,79.32,74,44,9.08
731,lujan,ar,-33.13606059458181,-68.90028147619553,68.85,30,68,13.65
733,bilma,ne,19.666760449199685,15.692347358801527,61.81,16,0,8.75
734,naze,jp,21.823942804360797,138.3005057821092,68,52,20,3.36
737,saint-augustin,ca,53.79828406471444,-60.553702810413,28.51,53,75,4.7
738,roanoke rapids,us,36.25860554322554,-77.78382084678044,42.35,50,1,8.72
744,oxford,us,39.64651109593876,-84.8019290002263,43.38,65,1,4.59
750,sterling,us,40.26653746095792,-102.35191058236578,42.87,33,20,18.34
757,bonavista,ca,52.59517467127526,-49.39027125234202,44.01,85,32,7
758,goma,cd,-1.7528212563950802,29.18128439456069,54.14,99,32,3.36
759,ahome,mx,25.750409248767298,-109.71525723401459,71.28,43,90,12.75
761,camacha,pt,35.10251063691466,-15.32635416906939,59.77,77,40,9.17
763,araouane,ml,20.084986711235473,-7.988548606525711,59.85,26,0,3.58
764,padang,id,-3.6614021954559632,97.49025594910802,80.6,83,20,2.24
765,waipawa,nz,-43.778301296616746,178.84835670724885,66,72,32,6.29
770,cuamba,mz,-14.413093706541659,36.13564702193014,66.6,88,12,3.02
774,boo,se,59.33366220525599,18.382381136921737,33.28,89,92,8.05
779,borovoy,ru,63.28132687817171,52.815787155626026,18.45,78,68,7.61
782,isangel,vu,-23.511689663546576,175.84772798792426,87.8,66,75,13.87
784,manaus,br,-2.2372267971591384,-60.492199882429105,79.68,88,0,3.36
786,porto tolle,it,44.93074691790386,12.233282903742207,46.35,100,0,6.93
789,barranca,pe,-5.08486129237329,-77.62488286288446,71.73,100,36,9.84
790,hovd,mn,45.18175972626443,97.5317057102589,16.27,60,0,5.39
792,villaviciosa,es,43.60681340017095,-5.194156967805782,50.47,81,12,12.75
794,lumberton,us,34.57698533440811,-78.7070511038834,55.36,50,90,3.8
795,emerald,au,-23.568185993749225,147.76894126764915,81.63,69,90,8.05
797,jishou,cn,28.73373642409061,109.48366536957974,54.72,95,76,4.03
810,linhai,cn,28.696156921403357,120.52217653132249,60.85,52,56,3.58
813,tucuru,gt,15.134554471520858,-90.05558404228498,68.09,80,0,1.9
822,barsovo,ru,59.43321179690554,73.6333169494971,6.8,92,40,6.71
823,san jose,bo,-17.793103390250323,-61.10273343543224,77,94,75,6.93
826,ruteng,id,-7.947701757449849,120.63329072652726,71.37,100,88,4.14
830,jalu,ly,23.596650167310358,20.16395766368882,50.43,70,0,1.03
831,winslow,us,35.2197077761591,-110.50343018381491,54.43,25,1,8.05
834,kaeo,nz,-27.738634045819133,175.14185920397495,73,77,68,7
836,bantry,ie,49.798645573035856,-11.01681468381372,33.8,86,20,13.87
837,whitehorse,ca,62.96257048725735,-131.4298789993469,41,56,75,24.16
844,mattru,sl,1.5330533712054262,-15.761793049778902,78.71,83,0,3.91
853,toul,fr,48.75979746796432,5.90759244647748,48.18,70,0,18.34
854,samarai,pg,-11.957158031843207,154.69603685492223,78.64,100,92,8.19
857,svarstad,no,61.61369315018172,11.183403861715902,32.04,100,90,10.29
859,sovetskaya gavan,ru,47.834813794295655,140.33830640046762,34.88,65,8,5.59
866,rajkot,in,22.336131992540118,70.9132044096225,72.27,29,0,10.4
870,candido mendes,br,-1.2309836977918849,-45.568448610437656,80.64,100,92,8.61
871,atambua,id,-10.08731885559439,125.47591419052912,74.55,100,92,0.81
872,vernon,us,33.61798346720309,-100.18143032276814,33.94,44,40,10.29
880,anadyr,ru,63.737049357685805,178.13803646905637,-5.37,76,90,11.18
884,zalesovo,ru,54.56473271189179,84.614272262643,20.48,88,68,9.4
886,santa maria,cv,18.35837582853206,-22.45591742628656,68,88,0,11.41
889,jacareacanga,br,-6.0712987988639355,-56.785759428084404,76.05,94,80,1.9
890,wajima,jp,39.86262675601773,135.6642249092011,42.8,48,75,3.36
892,san ramon,bo,-13.606925217189314,-63.83592218046512,77.99,89,12,2.68
893,copiapo,cl,-27.951189384996567,-69.76755635251533,62.6,77,0,10.29
897,jieshi,cn,20.485978355089756,116.18488779477235,69.89,87,20,14.88
900,walvis bay,na,-25.911575615850168,2.6616190249078215,61.56,82,0,6.93
903,matay,eg,27.567830063008913,30.077516443663995,41.85,91,0,3.58
909,lawton,us,34.55706525163788,-98.42586506314903,53.11,64,75,5.7
912,marabba,sd,12.53194908153776,31.711421846119237,67.19,16,8,11.74
919,santa isabel do rio negro,br,0.3021036982678993,-64.5432418448454,78.69,91,44,2.93
921,manbij,sy,35.77907407712749,38.9941802500679,41,93,0,2.24
924,druzhba,ua,51.27789385193151,27.888725966487982,42.01,61,64,3
927,trincomalee,lk,10.092726791746998,84.84697783188324,84.24,69,24,6.26
929,alexandria,us,45.941320815576375,-95.2972274456333,43.23,38,1,10.29
936,kigonsera,tz,-10.488315230555287,35.078871237596445,65.16,100,0,6.38
939,banda aceh,id,3.8106711475366097,92.00205527514692,86.09,67,20,6.15
941,solnechnyy,ru,61.44444972084966,139.30676095247463,35.06,73,20,3.58
942,amga,ru,61.464274208569236,131.94324670845742,11.39,55,0,5.37
953,marawi,sd,18.92826989185457,31.373857877071515,62.89,30,8,11.77
956,poronaysk,ru,48.950483887259196,145.20570271984946,33.75,67,8,5.26
958,isla mujeres,mx,20.776027992097056,-85.93653043530664,78.4,78,20,5.82
963,na wa,th,17.52309054013881,103.96340245380213,77,73,48,8.05
967,hay river,ca,59.302254193987295,-115.1791875335614,42.8,38,20,10.29
968,sainte-anne-des-monts,ca,49.20286788240762,-66.48013360722895,25.2,99,76,26.28
969,port blair,in,9.061384189851466,90.44153920319047,83.03,98,0,9.62
972,souillac,mu,-47.69980683017816,70.81869125992102,75.79,83,75,6.93
976,esperance,au,-50.99381580964064,127.45168426187286,73.4,69,40,12.75
986,langsa,id,5.137704870057263,98.09870390928529,82.98,61,0,2.57
987,metro,id,-4.949821323712769,105.36386801059137,83.07,91,48,6.82
988,luanda,ao,-8.663263333690637,12.451079744798648,78.8,83,75,2.24
989,burnie,au,-45.41817078159988,140.5657342124665,72,55,44,11.01
995,rawson,ar,-51.08503818120106,-56.0412607602788,63.61,95,92,14.12
998,port lincoln,au,-42.027726617056494,132.91143692665088,71.04,84,0,11.21
